x_m,y_m,w_tr_right_m,w_tr_left_m
-4.552000,-6.124245,0.8000,0.8000
-4.502000,-6.121860,0.8000,0.8000
-4.452000,-6.118810,0.8000,0.8000
-4.402000,-6.114128,0.8098,0.8098
-4.352000,-6.108700,0.8197,0.8197
-4.302000,-6.101563,0.7795,0.7795
-4.252000,-6.094589,0.7894,0.7894
-4.202000,-6.085951,0.7992,0.7992
-4.152000,-6.077528,0.8091,0.8091
-4.102000,-6.068367,0.8189,0.8189
-4.052000,-6.058387,0.8295,0.8295
-4.002000,-6.047625,0.7894,0.7894
-3.952000,-6.036120,0.7992,0.7992
-3.902000,-6.023801,0.8091,0.8091
-3.852000,-6.011583,0.8189,0.8189
-3.802000,-5.997662,0.7991,0.7991
-3.752000,-5.982959,0.8091,0.8091
-3.702000,-5.968397,0.8189,0.8189
-3.652000,-5.953052,0.7894,0.7894
-3.602000,-5.936872,0.7991,0.7991
-3.552000,-5.920790,0.7689,0.7689
-3.502000,-5.903895,0.7689,0.7689
-3.452000,-5.887128,0.7689,0.7689
-3.402000,-5.869585,0.7591,0.7591
-3.352000,-5.851233,0.7591,0.7591
-3.302000,-5.832043,0.7689,0.7689
-3.252000,-5.811987,0.7591,0.7591
-3.202000,-5.791042,0.7591,0.7591
-3.152000,-5.770171,0.7591,0.7591
-3.102000,-5.748488,0.7591,0.7591
-3.052000,-5.725981,0.7591,0.7591
-3.002000,-5.702639,0.7492,0.7492
-2.951130,-5.678457,0.7492,0.7492
-2.900371,-5.653428,0.7591,0.7591
-2.849721,-5.628537,0.7291,0.7291
-2.799177,-5.602918,0.7591,0.7591
-2.748737,-5.576578,0.7291,0.7291
-2.697526,-5.549526,0.7495,0.7495
-2.646524,-5.521775,0.7194,0.7194
-2.595726,-5.494326,0.7291,0.7291
-2.544255,-5.466329,0.7091,0.7091
-2.493088,-5.437808,0.7291,0.7291
-2.441345,-5.407806,0.7091,0.7091
-2.390001,-5.377220,0.7291,0.7291
-2.338174,-5.346079,0.7291,0.7291
-2.285964,-5.314416,0.7291,0.7291
-2.233468,-5.281282,0.7495,0.7495
-2.181651,-5.247581,0.7398,0.7398
-2.129624,-5.213353,0.7591,0.7591
-2.077478,-5.177653,0.7592,0.7592
-2.025302,-5.141393,0.7495,0.7495
-1.973182,-5.104616,0.7398,0.7398
-1.922072,-5.067370,0.7700,0.7700
-1.871070,-5.029703,0.7700,0.7700
-1.820257,-4.990683,0.7700,0.7700
-1.769711,-4.950248,0.7700,0.7700
-1.718636,-4.909320,0.7894,0.7894
-1.668086,-4.867955,0.7991,0.7991
-1.618128,-4.826211,0.8098,0.8098
-1.567954,-4.784148,0.8098,0.8098
-1.518608,-4.740845,0.8098,0.8098
-1.470143,-4.697235,0.8098,0.8098
-1.421744,-4.652402,0.8098,0.8098
-1.374439,-4.607280,0.7797,0.7797
-1.327404,-4.561940,0.7894,0.7894
-1.281661,-4.515469,0.7991,0.7991
-1.237245,-4.468809,0.8098,0.8098
-1.194188,-4.421050,0.8098,0.8098
-1.151651,-4.373138,0.8098,0.8098
-1.110641,-4.325150,0.8195,0.8195
-1.071180,-4.276181,0.8098,0.8098
-1.032416,-4.227184,0.8098,0.8098
-0.994476,-4.177370,0.8098,0.8098
-0.957481,-4.126823,0.7894,0.7894
-0.921548,-4.075627,0.7991,0.7991
-0.886787,-4.022994,0.8189,0.8189
-0.853301,-3.969990,0.7894,0.7894
-0.821190,-3.915825,0.7991,0.7991
-0.790548,-3.861561,0.8189,0.8189
-0.761461,-3.806405,0.7689,0.7689
-0.734011,-3.752288,0.7991,0.7991
-0.734011,-3.752288,0.7991,0.7991
-0.708275,-3.697432,0.7689,0.7689
-0.684324,-3.642897,0.7991,0.7991
-0.662221,-3.588757,0.7689,0.7689
-0.642028,-3.535087,0.7991,0.7991
-0.623797,-3.480222,0.7689,0.7689
-0.607576,-3.426200,0.7591,0.7591
-0.593407,-3.371350,0.7992,0.7992
-0.581328,-3.317704,0.7894,0.7894
-0.571370,-3.263586,0.7795,0.7795
-0.563557,-3.210039,0.7697,0.7697
-0.557910,-3.156246,0.7500,0.7500
-0.554443,-3.104228,0.7500,0.7500
-0.553164,-3.052292,0.7500,0.7500
-0.554076,-3.000597,0.7500,0.7500
-0.557176,-2.949295,0.7500,0.7500
-0.562456,-2.899518,0.7500,0.7500
-0.569901,-2.850540,0.7598,0.7598
-0.580363,-2.802499,0.7697,0.7697
-0.592833,-2.755527,0.7795,0.7795
-0.608154,-2.709753,0.7295,0.7295
-0.625311,-2.665297,0.7394,0.7394
-0.644266,-2.622275,0.7492,0.7492
-0.665847,-2.580798,0.7091,0.7091
-0.689024,-2.540969,0.7291,0.7291
-0.713748,-2.502888,0.7194,0.7194
-0.739960,-2.466647,0.7194,0.7194
-0.767600,-2.432335,0.7097,0.7097
-0.796599,-2.400034,0.7398,0.7398
-0.827754,-2.369819,0.7000,0.7000
-0.860004,-2.341761,0.7000,0.7000
-0.893268,-2.315925,0.7000,0.7000
-0.927457,-2.292370,0.7097,0.7097
-0.963464,-2.271151,0.6795,0.6795
-1.000321,-2.252315,0.7194,0.7194
-1.037928,-2.235904,0.6892,0.6892
-1.076176,-2.221955,0.6591,0.6591
-1.114954,-2.210500,0.6492,0.6492
-1.155126,-2.202433,0.6894,0.6894
-1.195702,-2.196794,0.6894,0.6894
-1.236554,-2.193598,0.6795,0.6795
-1.278534,-2.192857,0.6697,0.6697
-1.320637,-2.194577,0.6598,0.6598
-1.363704,-2.198758,0.6500,0.6500
-1.406724,-2.205394,0.6500,0.6500
-1.450529,-2.215343,0.6000,0.6000
-1.495083,-2.227608,0.6098,0.6098
-1.540344,-2.242169,0.6197,0.6197
-1.585284,-2.259870,0.5795,0.5795
-1.630723,-2.279698,0.5894,0.5894
-1.676610,-2.301620,0.5992,0.5992
-1.722889,-2.326467,0.5794,0.5794
-1.769503,-2.353210,0.5992,0.5992
-1.815405,-2.381803,0.5794,0.5794
-1.861401,-2.413062,0.5697,0.5697
-1.907420,-2.446815,0.5998,0.5998
-1.953391,-2.482020,0.5998,0.5998
-2.000223,-2.519481,0.5600,0.5600
-2.046972,-2.559016,0.5697,0.5697
-2.093559,-2.599570,0.6095,0.6095
-2.140890,-2.641937,0.6192,0.6192
-2.188012,-2.685923,0.6492,0.6492
-2.234843,-2.731333,0.6494,0.6494
-2.282282,-2.777966,0.6397,0.6397
-2.329371,-2.825622,0.6300,0.6300
-2.377007,-2.874095,0.6397,0.6397
-2.424230,-2.922307,0.6300,0.6300
-2.470949,-2.971031,0.6300,0.6300
-2.517069,-3.020049,0.6300,0.6300
-2.563477,-3.069143,0.6300,0.6300
-2.609205,-3.118092,0.6300,0.6300
-2.654153,-3.166670,0.6300,0.6300
-2.699204,-3.214651,0.6698,0.6698
-2.744367,-3.262788,0.6698,0.6698
-2.789654,-3.309982,0.6698,0.6698
-2.835077,-3.356114,0.6300,0.6300
-2.880647,-3.402046,0.6300,0.6300
-2.926375,-3.447658,0.6397,0.6397
-2.972273,-3.492828,0.6494,0.6494
-3.018351,-3.538305,0.6591,0.6591
-3.064622,-3.582985,0.6698,0.6698
-3.111095,-3.625766,0.6698,0.6698
-3.157783,-3.668266,0.6698,0.6698
-3.204698,-3.709382,0.6698,0.6698
-3.251849,-3.748011,0.6698,0.6698
-3.299249,-3.784902,0.6795,0.6795
-3.346909,-3.821787,0.6892,0.6892
-3.394840,-3.857568,0.6795,0.6795
-3.443053,-3.893000,0.6698,0.6698
-3.491560,-3.926121,0.6591,0.6591
-3.540373,-3.957810,0.6492,0.6492
-3.589501,-3.987091,0.6494,0.6494
-3.638957,-4.014845,0.6492,0.6492
-3.688752,-4.040099,0.6300,0.6300
-3.738897,-4.064607,0.6397,0.6397
-3.789404,-4.088272,0.6095,0.6095
-3.840283,-4.110134,0.6192,0.6192
-3.891547,-4.131090,0.5992,0.5992
-3.943206,-4.151058,0.5894,0.5894
-3.994287,-4.169092,0.6192,0.6192
-4.045669,-4.186103,0.5992,0.5992
-4.096376,-4.201152,0.5894,0.5894
-4.147283,-4.215160,0.6197,0.6197
-4.199266,-4.228067,0.6197,0.6197
-4.251235,-4.239820,0.6098,0.6098
-4.303085,-4.250370,0.6000,0.6000
-4.354823,-4.259675,0.6394,0.6394
-4.407327,-4.267698,0.6492,0.6492
-4.459626,-4.274409,0.6591,0.6591
-4.512600,-4.279781,0.6697,0.6697
-4.564294,-4.283796,0.6795,0.6795
-4.616460,-4.286438,0.6894,0.6894
-4.668128,-4.287701,0.6992,0.6992
-4.720182,-4.287579,0.7091,0.7091
-4.771653,-4.286078,0.7197,0.7197
-4.823430,-4.283204,0.7295,0.7295
-4.874548,-4.278973,0.7394,0.7394
-4.925896,-4.273403,0.7492,0.7492
-4.976512,-4.266521,0.7500,0.7500
-5.027290,-4.257372,0.7492,0.7492
-5.078140,-4.246861,0.7689,0.7689
-5.128106,-4.235028,0.7591,0.7591
-5.177217,-4.221917,0.7291,0.7291
-5.226370,-4.207580,0.7091,0.7091
-5.274612,-4.192073,0.7492,0.7492
-5.322845,-4.175458,0.7291,0.7291
-5.370117,-4.156818,0.7591,0.7591
-5.416463,-4.137094,0.7492,0.7492
-5.462787,-4.116362,0.7394,0.7394
-5.508140,-4.093720,0.7689,0.7689
-5.552560,-4.070123,0.7591,0.7591
-5.596954,-4.045660,0.8091,0.8091
-5.640376,-4.019444,0.7991,0.7991
-5.682866,-3.992444,0.8189,0.8189
-5.725334,-3.964763,0.8091,0.8091
-5.766837,-3.935528,0.8389,0.8389
-5.807418,-3.904737,0.8400,0.8400
-5.847120,-3.873376,0.8400,0.8400
-5.885984,-3.840582,0.8389,0.8389
-5.924053,-3.806365,0.8292,0.8292
-5.961369,-3.771722,0.8594,0.8594
-5.998845,-3.735802,0.8195,0.8195
-6.035542,-3.698625,0.8098,0.8098
-6.071504,-3.660215,0.8389,0.8389
-6.106778,-3.620600,0.8189,0.8189
-6.141407,-3.579809,0.8195,0.8195
-6.175438,-3.537004,0.8189,0.8189
-6.208915,-3.494186,0.7991,0.7991
-6.241884,-3.450525,0.8189,0.8189
-6.274389,-3.406061,0.7991,0.7991
-6.306477,-3.360837,0.7492,0.7492
-6.338191,-3.314030,0.7591,0.7591
-6.369579,-3.266671,0.7291,0.7291
-6.400683,-3.218810,0.7591,0.7591
-6.431551,-3.169628,0.7291,0.7291
-6.462226,-3.119293,0.7091,0.7091
-6.492755,-3.069825,0.7291,0.7291
-6.523182,-3.020413,0.7194,0.7194
-6.553552,-2.970247,0.7091,0.7091
-6.583911,-2.920372,0.7291,0.7291
-6.614304,-2.868997,0.7091,0.7091
-6.644776,-2.817167,0.7291,0.7291
-6.675373,-2.765927,0.7194,0.7194
-6.706139,-2.713488,0.7091,0.7091
-6.737119,-2.660892,0.7291,0.7291
-6.768359,-2.608317,0.7091,0.7091
-6.799905,-2.555936,0.7592,0.7592
-6.831800,-2.502941,0.7495,0.7495
-6.864091,-2.449390,0.7291,0.7291
-6.896823,-2.394466,0.7591,0.7591
-6.930040,-2.340189,0.7291,0.7291
-6.963788,-2.286723,0.7194,0.7194
-6.998112,-2.234231,0.7495,0.7495
-7.033058,-2.182878,0.7398,0.7398
-7.068670,-2.132826,0.7398,0.7398
-7.104994,-2.083256,0.7398,0.7398
-7.142075,-2.034213,0.7700,0.7700
-7.179958,-1.986727,0.7700,0.7700
-7.218688,-1.939970,0.7700,0.7700
-7.258311,-1.893984,0.7700,0.7700
-7.298871,-1.849791,0.8098,0.8098
-7.340414,-1.806560,0.8098,0.8098
-7.382985,-1.765310,0.7700,0.7700
-7.426630,-1.725207,0.7700,0.7700
-7.470408,-1.687152,0.7700,0.7700
-7.514248,-1.651065,0.7797,0.7797
-7.559059,-1.616862,0.7495,0.7495
-7.604882,-1.584463,0.7592,0.7592
-7.650771,-1.552915,0.7991,0.7991
-7.697633,-1.523118,0.7689,0.7689
-7.744519,-1.494118,0.7991,0.7991
-7.792335,-1.465940,0.7689,0.7689
-7.840130,-1.438609,0.7991,0.7991
-7.888804,-1.412147,0.7689,0.7689
-7.937405,-1.386571,0.7991,0.7991
-7.986830,-1.361897,0.7689,0.7689
-8.036124,-1.338138,0.8091,0.8091
-8.086181,-1.315303,0.7992,0.7992
-8.136044,-1.293400,0.8389,0.8389
-8.186604,-1.272434,0.8189,0.8189
-8.236900,-1.252404,0.8591,0.8591
-8.286836,-1.233311,0.8389,0.8389
-8.337301,-1.215149,0.8189,0.8189
-8.388311,-1.197912,0.8591,0.8591
-8.438899,-1.181589,0.8492,0.8492
-8.489948,-1.166169,0.8394,0.8394
-8.540488,-1.151635,0.8795,0.8795
-8.591402,-1.137969,0.8697,0.8697
-8.642699,-1.125151,0.8598,0.8598
-8.693408,-1.113155,0.8500,0.8500
-8.744405,-1.101956,0.8598,0.8598
-8.795701,-1.091523,0.8500,0.8500
-8.846319,-1.081824,0.8500,0.8500
-8.897134,-1.072823,0.8500,0.8500
-8.948153,-1.064484,0.8500,0.8500
-8.998396,-1.057634,0.8500,0.8500
-9.048737,-1.052118,0.8000,0.8000
-9.099177,-1.046912,0.8000,0.8000
-9.149721,-1.041971,0.8000,0.8000
-9.200371,-1.038118,0.8000,0.8000
-9.251130,-1.035193,0.7992,0.7992
-9.302000,-1.032165,0.7795,0.7795
-9.352000,-1.029854,0.7697,0.7697
-9.402000,-1.028097,0.7598,0.7598
-9.452000,-1.026730,0.7500,0.7500
-9.502000,-1.025588,0.7500,0.7500
-9.552000,-1.024509,0.7500,0.7500
-9.602000,-1.024312,0.7500,0.7500
-9.652000,-1.023967,0.7398,0.7398
-9.702870,-1.023313,0.7000,0.7000
-9.753629,-1.022189,0.6698,0.6698
-9.804279,-1.020433,0.6397,0.6397
-9.854823,-1.018870,0.6095,0.6095
-9.906134,-1.016471,0.5794,0.5794
-9.957233,-1.013077,0.5492,0.5492
-10.008996,-1.009516,0.5394,0.5394
-10.060447,-1.005747,0.5795,0.5795
-10.112465,-1.000745,0.5697,0.5697
-10.164076,-0.994360,0.5598,0.5598
-10.216161,-0.987424,0.5500,0.5500
-10.267751,-0.978915,0.5500,0.5500
-10.318860,-0.969670,0.5500,0.5500
-10.370371,-0.959655,0.5500,0.5500
-10.421317,-0.947857,0.6098,0.6098
-10.472586,-0.935115,0.6197,0.6197
-10.523212,-0.921404,0.6295,0.6295
-10.574086,-0.906699,0.6197,0.6197
-10.625115,-0.890979,0.6295,0.6295
-10.675341,-0.874226,0.6394,0.6394
-10.725658,-0.856424,0.5992,0.5992
-10.775112,-0.838544,0.6098,0.6098
-10.824600,-0.819710,0.6197,0.6197
-10.874038,-0.799918,0.5795,0.5795
-10.923347,-0.779166,0.5894,0.5894
-10.971578,-0.757455,0.5992,0.5992
-11.019639,-0.734790,0.5794,0.5794
-11.067455,-0.711178,0.5894,0.5894
-11.114083,-0.686628,0.5492,0.5492
-11.160435,-0.661154,0.5794,0.5794
-11.206444,-0.634770,0.5492,0.5492
-11.251172,-0.607496,0.5492,0.5492
-11.295537,-0.579352,0.5395,0.5395
-11.338605,-0.550363,0.5298,0.5298
-11.381299,-0.520555,0.5600,0.5600
-11.423556,-0.489958,0.5600,0.5600
-11.465320,-0.457619,0.5697,0.5697
-11.506534,-0.423458,0.5600,0.5600
-11.546277,-0.387392,0.5600,0.5600
-11.585481,-0.349338,0.5600,0.5600
-11.624096,-0.310201,0.5395,0.5395
-11.661206,-0.269030,0.5298,0.5298
-11.697748,-0.226731,0.5492,0.5492
-11.733680,-0.183343,0.5395,0.5395
-11.768959,-0.138905,0.5298,0.5298
-11.803548,-0.093462,0.5298,0.5298
-11.836541,-0.047061,0.5492,0.5492
-11.868888,0.000250,0.5395,0.5395
-11.900556,0.048417,0.5697,0.5697
-11.931515,0.097386,0.5600,0.5600
-11.961739,0.147099,0.5492,0.5492
-11.990333,0.197496,0.5794,0.5794
-12.018259,0.248511,0.5697,0.5697
-12.045494,0.300081,0.5992,0.5992
-12.072020,0.352134,0.5794,0.5794
-12.096952,0.404599,0.6095,0.6095
-12.121259,0.457402,0.5992,0.5992
-12.144928,0.510464,0.5992,0.5992
-12.167948,0.563705,0.6095,0.6095
-12.190314,0.617042,0.6295,0.6295
-12.211151,0.670388,0.6192,0.6192
-12.231439,0.723655,0.6492,0.6492
-12.251176,0.776751,0.6394,0.6394
-12.270364,0.829581,0.6494,0.6494
-12.289007,0.882048,0.6492,0.6492
-12.306243,0.934052,0.6591,0.6591
-12.323062,0.985489,0.6795,0.6795
-12.339475,1.037238,0.6697,0.6697
-12.355494,1.089307,0.6892,0.6892
-12.371135,1.140721,0.7000,0.7000
-12.386416,1.191371,0.7000,0.7000
-12.401358,1.242130,0.7000,0.7000
-12.415986,1.293000,0.7291,0.7291
-12.430326,1.343000,0.7500,0.7500
-12.444408,1.393000,0.7500,0.7500
-12.458264,1.443000,0.7797,0.7797
-12.471930,1.493000,0.7894,0.7894
-12.485444,1.543000,0.7689,0.7689
-12.499717,1.593000,0.7591,0.7591
-12.513810,1.643000,0.7992,0.7992
-12.527774,1.693000,0.7894,0.7894
-12.540676,1.743000,0.7795,0.7795
-12.553438,1.793000,0.8197,0.8197
-12.566116,1.843000,0.8098,0.8098
-12.578768,1.893000,0.8000,0.8000
-12.590469,1.943000,0.8000,0.8000
-12.603021,1.993000,0.8500,0.8500
-12.614520,2.043000,0.8500,0.8500
-12.625905,2.093000,0.8500,0.8500
-12.636258,2.143000,0.8500,0.8500
-12.647390,2.193000,0.8500,0.8500
-12.657406,2.243000,0.9000,0.9000
-12.667252,2.293000,0.9000,0.9000
-12.677005,2.343000,0.9000,0.9000
-12.686631,2.393000,0.9000,0.9000
-12.696970,2.443000,0.9000,0.9000
-12.706140,2.493000,0.9500,0.9500
-12.715972,2.543000,0.9500,0.9500
-12.725461,2.593870,0.9500,0.9500
-12.734476,2.645499,0.9500,0.9500
-12.743873,2.697777,0.9500,0.9500
-12.752659,2.750600,1.0000,1.0000
-12.761698,2.803863,1.0000,1.0000
-12.770006,2.856597,1.0000,1.0000
-12.777471,2.909686,1.0000,1.0000
-12.783984,2.963032,1.0000,1.0000
-12.790425,3.016540,1.0000,1.0000
-12.795822,3.070990,1.0000,1.0000
-12.800079,3.125310,1.0000,1.0000
-12.804085,3.179417,1.0500,1.0500
-12.806881,3.233230,1.0500,1.0500
-12.808381,3.286673,1.0500,1.0500
-12.809486,3.339669,1.0500,1.0500
-12.809248,3.393018,1.0697,1.0697
-12.808578,3.445668,1.0795,1.0795
-12.806535,3.497556,1.0894,1.0894
-12.803054,3.548621,1.0984,1.0984
-12.798070,3.598804,1.0591,1.0591
-12.791523,3.648052,1.0689,1.0689
-12.784341,3.697182,1.0788,1.0788
-12.775599,3.745163,1.0886,1.0886
-12.765249,3.791951,1.0886,1.0886
-12.754229,3.837504,1.0788,1.0788
-12.741628,3.881786,1.0689,1.0689
-12.727408,3.924761,1.0788,1.0788
-12.711532,3.967265,1.0886,1.0886
-12.693970,4.008289,1.0586,1.0586
-12.675675,4.047808,1.0888,1.0888
-12.655754,4.085800,1.0888,1.0888
-12.634185,4.122248,1.0791,1.0791
-12.610950,4.157136,1.1092,1.1092
-12.586033,4.191321,1.0694,1.0694
-12.560407,4.223812,1.0995,1.0995
-12.533194,4.255474,1.0898,1.0898
-12.504389,4.285325,1.0898,1.0898
-12.473992,4.314239,1.0898,1.0898
-12.442989,4.341242,1.0500,1.0500
-12.410515,4.366345,1.0898,1.0898
-12.376582,4.390435,1.0597,1.0597
-12.341202,4.412548,1.0694,1.0694
-12.304390,4.433579,1.0694,1.0694
-12.267149,4.452572,1.0791,1.0791
-12.228634,4.469560,1.0489,1.0489
-12.188870,4.485449,1.0188,1.0188
-12.147888,4.499295,1.0386,1.0386
-12.105720,4.511141,1.0386,1.0386
-12.063386,4.521905,1.0188,1.0188
-12.020057,4.530655,0.9886,0.9886
-11.975777,4.538314,0.9595,0.9595
-11.930591,4.543961,0.9692,0.9692
-11.884550,4.547657,0.9391,0.9391
-11.837706,4.550340,0.9089,0.9089
-11.790114,4.551097,0.8788,0.8788
-11.741831,4.550873,0.8689,0.8689
-11.692919,4.548765,0.8591,0.8591
-11.643441,4.545725,0.8492,0.8492
-11.593463,4.540858,0.7894,0.7894
-11.543055,4.535126,0.7795,0.7795
-11.492289,4.527642,0.7697,0.7697
-11.440254,4.519376,0.7598,0.7598
-11.387896,4.509449,0.7500,0.7500
-11.335293,4.498841,0.7500,0.7500
-11.282525,4.486682,0.7000,0.7000
-11.229676,4.473088,0.7098,0.7098
-11.176830,4.459050,0.7197,0.7197
-11.124079,4.443709,0.7295,0.7295
-11.071512,4.428063,0.6894,0.6894
-11.017371,4.412133,0.6992,0.6992
-10.963602,4.395943,0.7091,0.7091
-10.909428,4.379525,0.6892,0.6892
-10.855930,4.362916,0.7091,0.7091
-10.802220,4.346157,0.7291,0.7291
-10.749266,4.329298,0.7091,0.7091
-10.697168,4.311520,0.7291,0.7291
-10.646029,4.292997,0.7091,0.7091
-10.594970,4.273900,0.7291,0.7291
-10.543984,4.254406,0.7591,0.7591
-10.494046,4.234696,0.7291,0.7291
-10.444279,4.215820,0.7591,0.7591
-10.394680,4.195998,0.7291,0.7291
-10.345241,4.175304,0.7591,0.7591
-10.295958,4.153811,0.7492,0.7492
-10.246825,4.131591,0.7591,0.7591
-10.197835,4.108719,0.7591,0.7591
-10.148984,4.087123,0.7492,0.7492
-10.100266,4.065027,0.7591,0.7591
-10.051674,4.042511,0.7291,0.7291
-10.003205,4.019652,0.7291,0.7291
-9.954851,3.995546,0.7591,0.7591
-9.906607,3.971140,0.7291,0.7291
-9.858467,3.947379,0.7591,0.7591
-9.810427,3.923358,0.7291,0.7291
-9.762479,3.899157,0.7591,0.7591
-9.714620,3.874854,0.7291,0.7291
-9.666842,3.849543,0.7591,0.7591
-9.619140,3.825043,0.7291,0.7291
-9.571509,3.800446,0.7591,0.7591
-9.523943,3.775832,0.7291,0.7291
-9.476436,3.752151,0.7492,0.7492
-9.428983,3.728499,0.7091,0.7091
-9.381578,3.704844,0.7291,0.7291
-9.334215,3.681154,0.7091,0.7091
-9.286889,3.658381,0.7291,0.7291
-9.239594,3.635625,0.7091,0.7091
-9.192325,3.613840,0.7291,0.7291
-9.145075,3.592130,0.6992,0.6992
-9.097839,3.569599,0.7091,0.7091
-9.050612,3.548070,0.6591,0.6591
-9.003388,3.526647,0.6892,0.6892
-8.956161,3.506287,0.6494,0.6494
-8.908925,3.486098,0.6397,0.6397
-8.861675,3.466167,0.5998,0.5998
-8.814406,3.446473,0.5600,0.5600
-8.767111,3.426991,0.5600,0.5600
-8.719785,3.407696,0.5298,0.5298
-8.672422,3.388565,0.5395,0.5395
-8.625017,3.369574,0.5094,0.5094
-8.577564,3.350699,0.4894,0.4894
-8.530057,3.332900,0.5295,0.5295
-8.482491,3.314302,0.5197,0.5197
-8.434860,3.295864,0.5098,0.5098
-8.387158,3.277564,0.5500,0.5500
-8.339380,3.259376,0.5500,0.5500
-8.291521,3.242262,0.6000,0.6000
-8.243573,3.224346,0.6098,0.6098
-8.195533,3.207458,0.6197,0.6197
-8.147393,3.190707,0.6795,0.6795
-8.099149,3.174071,0.6894,0.6894
-8.050795,3.157531,0.6992,0.6992
-8.002326,3.141063,0.6892,0.6892
-7.953734,3.124648,0.7091,0.7091
-7.905016,3.109249,0.7291,0.7291
-7.856165,3.092992,0.6992,0.6992
-7.807175,3.076841,0.7091,0.7091
-7.758042,3.059905,0.7291,0.7291
-7.708759,3.044014,0.7492,0.7492
-7.659320,3.027292,0.7091,0.7091
-7.609721,3.011570,0.7291,0.7291
-7.559954,2.994973,0.7592,0.7592
-7.510016,2.979330,0.7495,0.7495
-7.459900,2.962767,0.7689,0.7689
-7.409600,2.947113,0.7991,0.7991
-7.359111,2.930493,0.7689,0.7689
-7.308427,2.913867,0.7991,0.7991
-7.257542,2.898196,0.8189,0.8189
-7.206451,2.881604,0.7991,0.7991
-7.155149,2.865052,0.8091,0.8091
-7.103629,2.848515,0.8189,0.8189
-7.052870,2.830985,0.7991,0.7991
-7.002000,2.813306,0.8189,0.8189
-6.952000,2.795336,0.8189,0.8189
-6.902000,2.776063,0.8189,0.8189
-6.852000,2.755459,0.8389,0.8389
-6.802000,2.734360,0.8189,0.8189
-6.752000,2.712734,0.8389,0.8389
-6.702000,2.691534,0.7992,0.7992
-6.652000,2.669860,0.8091,0.8091
-6.602000,2.647795,0.8189,0.8189
-6.552000,2.626296,0.7991,0.7991
-6.502000,2.604351,0.8292,0.8292
-6.452000,2.581932,0.8091,0.8091
-6.402000,2.559128,0.8189,0.8189
-6.352000,2.536896,0.7991,0.7991
-6.302000,2.514342,0.8091,0.8091
-6.252000,2.491557,0.7689,0.7689
-6.202000,2.468516,0.7991,0.7991
-6.152000,2.446066,0.8197,0.8197
-6.101130,2.424185,0.7894,0.7894
-6.050371,2.402855,0.7992,0.7992
-5.999721,2.382060,0.7591,0.7591
-5.948307,2.361788,0.7689,0.7689
-5.897108,2.341045,0.7592,0.7592
-5.846117,2.320690,0.7894,0.7894
-5.795330,2.300717,0.7991,0.7991
-5.744741,2.281121,0.7991,0.7991
-5.694343,2.261030,0.7991,0.7991
-5.644133,2.239574,0.8189,0.8189
-5.594102,2.217733,0.8091,0.8091
-5.544247,2.195616,0.7991,0.7991
-5.494562,2.172349,0.8189,0.8189
-5.445040,2.149781,0.8091,0.8091
-5.395676,2.126051,0.8189,0.8189
-5.346465,2.102138,0.8189,0.8189
-5.297400,2.077163,0.8189,0.8189
-5.248477,2.052103,0.8189,0.8189
-5.199690,2.026947,0.8292,0.8292
-5.151032,2.001685,0.8492,0.8492
-5.102499,1.976421,0.8091,0.8091
-5.054084,1.950276,0.8189,0.8189
-5.005782,1.924221,0.7991,0.7991
-4.957588,1.897374,0.8189,0.8189
-4.909495,1.871573,0.7991,0.7991
-4.861498,1.845937,0.8091,0.8091
-4.813592,1.819581,0.7689,0.7689
-4.765770,1.794345,0.7991,0.7991
-4.718028,1.768362,0.7894,0.7894
-4.670358,1.742601,0.7591,0.7591
-4.622757,1.717046,0.7689,0.7689
-4.575218,1.691681,0.7492,0.7492
-4.527735,1.666492,0.7591,0.7591
-4.480303,1.641462,0.7291,0.7291
-4.432916,1.616691,0.7591,0.7591
-4.385569,1.592162,0.7291,0.7291
-4.338256,1.567861,0.7492,0.7492
-4.290971,1.543772,0.7591,0.7591
-4.243708,1.519879,0.7291,0.7291
-4.196463,1.496167,0.7295,0.7295
-4.149229,1.472619,0.6894,0.6894
-4.102000,1.448352,0.6894,0.6894
-4.054771,1.425200,0.6492,0.6492
-4.007537,1.401294,0.5992,0.5992
-3.960292,1.377600,0.5794,0.5794
-3.913029,1.354099,0.5395,0.5395
-3.865744,1.330774,0.5298,0.5298
-3.818431,1.308589,0.4900,0.4900
-3.771084,1.286660,0.4997,0.4997
-3.723697,1.264102,0.4695,0.4695
-3.676265,1.242749,0.4894,0.4894
-3.628782,1.220732,0.4795,0.4795
-3.581243,1.199018,0.4697,0.4697
-3.533642,1.177587,0.5098,0.5098
-3.485972,1.156422,0.5000,0.5000
-3.438230,1.135504,0.5500,0.5500
-3.390408,1.114815,0.5500,0.5500
-3.342502,1.094451,0.5500,0.5500
-3.294505,1.074393,0.6098,0.6098
-3.246412,1.054623,0.6197,0.6197
-3.198218,1.035237,0.6795,0.6795
-3.149916,1.016217,0.6894,0.6894
-3.101501,0.997544,0.6992,0.6992
-3.052968,0.979200,0.7091,0.7091
-3.004310,0.960183,0.7291,0.7291
-2.955523,0.941455,0.6992,0.6992
-2.906600,0.923109,0.7091,0.7091
-2.857535,0.904255,0.7291,0.7291
-2.808324,0.886723,0.7194,0.7194
-2.758960,0.868637,0.7492,0.7492
-2.709438,0.850958,0.7591,0.7591
-2.659753,0.834646,0.7291,0.7291
-2.609898,0.817826,0.7492,0.7492
-2.559867,0.801343,0.7591,0.7591
-2.509657,0.785173,0.7291,0.7291
-2.459259,0.770277,0.7492,0.7492
-2.408670,0.755650,0.7591,0.7591
-2.357883,0.741270,0.7291,0.7291
-2.306892,0.728100,0.7591,0.7591
-2.255693,0.714268,0.7689,0.7689
-2.204279,0.699752,0.7991,0.7991
-2.153629,0.685398,0.7689,0.7689
-2.102870,0.671069,0.7991,0.7991
-2.052000,0.655755,0.8091,0.8091
-2.002000,0.639429,0.7689,0.7689
-1.952000,0.622933,0.7991,0.7991
-1.902000,0.605251,0.8091,0.8091
-1.852000,0.586352,0.7991,0.7991
-1.802000,0.566201,0.8091,0.8091
-1.752000,0.546612,0.8091,0.8091
-1.702000,0.526683,0.7991,0.7991
-1.652000,0.506490,0.8189,0.8189
-1.602000,0.486114,0.8091,0.8091
-1.552000,0.465634,0.8189,0.8189
-1.502000,0.444143,0.8091,0.8091
-1.452000,0.422589,0.8091,0.8091
-1.402000,0.401048,0.8189,0.8189
-1.352000,0.379596,0.7991,0.7991
-1.302000,0.357438,0.8189,0.8189
-1.252000,0.334650,0.7991,0.7991
-1.202000,0.312170,0.8091,0.8091
-1.152000,0.290070,0.7689,0.7689
-1.102000,0.268421,0.7991,0.7991
-1.052000,0.246423,0.8189,0.8189
-1.002000,0.225128,0.7991,0.7991
-0.952000,0.203619,0.8091,0.8091
-0.902000,0.182832,0.7689,0.7689
-0.852000,0.161962,0.7991,0.7991
-0.802000,0.141070,0.7894,0.7894
-0.752000,0.121086,0.8091,0.8091
-0.702000,0.102069,0.8189,0.8189
-0.652000,0.082224,0.7991,0.7991
-0.602000,0.062590,0.8292,0.8292
-0.552000,0.042346,0.7894,0.7894
-0.502000,0.022523,0.7992,0.7992
-0.452000,0.003277,0.8091,0.8091
-0.401130,-0.016223,0.7991,0.7991
-0.350371,-0.034957,0.8292,0.8292
-0.298851,-0.053765,0.8594,0.8594
-0.246679,-0.071638,0.8295,0.8295
-0.193959,-0.089422,0.8394,0.8394
-0.141666,-0.106116,0.8492,0.8492
-0.088918,-0.121591,0.8091,0.8091
-0.035815,-0.136708,0.8189,0.8189
0.016674,-0.150474,0.8389,0.8389
0.069438,-0.162774,0.7992,0.7992
0.122382,-0.174476,0.8091,0.8091
0.175414,-0.184604,0.8189,0.8189
0.227574,-0.194034,0.8189,0.8189
0.279759,-0.201796,0.8091,0.8091
0.331881,-0.207794,0.8000,0.8000
0.382989,-0.212917,0.8000,0.8000
0.433982,-0.216206,0.7894,0.7894
0.484781,-0.217575,0.7592,0.7592
0.535307,-0.217924,0.7291,0.7291
0.584616,-0.216307,0.7091,0.7091
0.633618,-0.213633,0.6992,0.6992
0.683110,-0.208962,0.6894,0.6894
0.732912,-0.202228,0.6295,0.6295
0.782849,-0.194353,0.6197,0.6197
0.832751,-0.183538,0.6098,0.6098
0.882454,-0.170709,0.6000,0.6000
0.931801,-0.155926,0.5500,0.5500
0.980639,-0.139251,0.5500,0.5500
1.028820,-0.120749,0.5598,0.5598
1.076204,-0.100488,0.5197,0.5197
1.122656,-0.077554,0.5295,0.5295
1.168044,-0.052887,0.4894,0.4894
1.212246,-0.025577,0.5094,0.5094
1.255142,0.002448,0.4894,0.4894
1.296619,0.032965,0.4894,0.4894
1.336570,0.065023,0.4695,0.4695
1.374894,0.098541,0.4598,0.4598
1.411494,0.133434,0.4900,0.4900
1.446280,0.169615,0.4598,0.4598
1.479168,0.206993,0.4598,0.4598
1.510077,0.245475,0.4598,0.4598
1.538936,0.284850,0.4598,0.4598
1.565675,0.325890,0.4695,0.4695
1.590233,0.366642,0.4394,0.4394
1.612554,0.408856,0.4795,0.4795
1.632586,0.452426,0.4697,0.4697
1.650284,0.495394,0.5098,0.5098
1.665609,0.538520,0.5098,0.5098
1.678527,0.582561,0.5000,0.5000
1.689010,0.626534,0.5098,0.5098
1.697035,0.670324,0.5197,0.5197
1.702585,0.714681,0.5795,0.5795
1.705648,0.759486,0.5894,0.5894
1.706220,0.804623,0.5992,0.5992
1.704300,0.848116,0.6192,0.6192
1.699894,0.891697,0.6192,0.6192
1.693013,0.934372,0.6095,0.6095
1.683674,0.976996,0.6397,0.6397
1.671900,1.019445,0.6698,0.6698
1.657719,1.060719,0.7000,0.7000
1.641164,1.101675,0.7000,0.7000
1.622276,1.142181,0.7000,0.7000
1.601099,1.182108,0.7398,0.7398
1.577685,1.221441,0.7398,0.7398
1.552089,1.260164,0.7797,0.7797
1.524375,1.297277,0.7894,0.7894
1.494609,1.333631,0.7592,0.7592
1.462866,1.369095,0.7991,0.7991
1.429223,1.403649,0.8189,0.8189
1.393767,1.437275,0.7991,0.7991
1.356587,1.468970,0.8389,0.8389
1.317780,1.499584,0.8594,0.8594
1.277446,1.529965,0.8292,0.8292
1.235694,1.558241,0.8389,0.8389
1.192636,1.585259,0.8189,0.8189
1.148391,1.610886,0.8389,0.8389
1.103084,1.635098,0.8492,0.8492
1.056844,1.657991,0.8091,0.8091
1.009806,1.680526,0.8189,0.8189
0.962112,1.702686,0.7991,0.7991
0.913909,1.723585,0.8091,0.8091
0.864365,1.743322,0.7689,0.7689
0.814505,1.762866,0.7991,0.7991
0.763506,1.781334,0.8189,0.8189
0.711417,1.799697,0.7991,0.7991
0.658290,1.817946,0.8189,0.8189
0.605165,1.835205,0.7991,0.7991
0.551233,1.852449,0.8091,0.8091
0.496557,1.869675,0.7991,0.7991
0.442188,1.886011,0.7689,0.7689
0.387328,1.902441,0.8091,0.8091
0.332051,1.918096,0.7992,0.7992
0.276436,1.933962,0.7894,0.7894
0.221547,1.949172,0.8295,0.8295
0.166601,1.964716,0.8189,0.8189
0.111686,1.980600,0.8091,0.8091
0.057879,1.995965,0.8189,0.8189
0.004406,2.011804,0.8389,0.8389
-0.048631,2.027261,0.8295,0.8295
-0.101130,2.042462,0.8189,0.8189
-0.152000,2.057535,0.8492,0.8492
-0.202000,2.072606,0.8389,0.8389
-0.252870,2.087803,0.8189,0.8189
-0.303629,2.103253,0.8591,0.8591
-0.354279,2.119082,0.8389,0.8389
-0.404823,2.135304,0.8189,0.8189
-0.455263,2.151932,0.8389,0.8389
-0.505604,2.168107,0.8189,0.8189
-0.555847,2.185695,0.8091,0.8091
-0.605996,2.203723,0.8389,0.8389
-0.656052,2.223074,0.8189,0.8189
-0.706020,2.242781,0.8091,0.8091
-0.755902,2.263727,0.8389,0.8389
-0.805700,2.284947,0.8189,0.8189
-0.855418,2.307330,0.8389,0.8389
-0.905058,2.329911,0.8189,0.8189
-0.954624,2.353584,0.8591,0.8591
-1.004117,2.377386,0.8389,0.8389
-1.053541,2.401342,0.8689,0.8689
-1.102899,2.425476,0.8591,0.8591
-1.152193,2.450682,0.8788,0.8788
-1.201427,2.476002,0.8788,0.8788
-1.250602,2.501349,0.9089,0.9089
-1.299723,2.525766,0.8788,0.8788
-1.348791,2.551130,0.9089,0.9089
-1.397810,2.576484,0.9089,0.9089
-1.446782,2.600871,0.9089,0.9089
-1.495711,2.626169,0.9089,0.9089
-1.544598,2.650550,0.8788,0.8788
-1.593448,2.674908,0.9089,0.9089
-1.642262,2.700138,0.8788,0.8788
-1.691043,2.724412,0.9089,0.9089
-1.739795,2.748624,0.8689,0.8689
-1.788520,2.771813,0.8788,0.8788
-1.837222,2.794870,0.8591,0.8591
-1.885902,2.818688,0.8689,0.8689
-1.934563,2.841435,0.8788,0.8788
-1.983209,2.864987,0.8492,0.8492
-2.031843,2.888384,0.7992,0.7992
-2.080466,2.910665,0.7591,0.7591
-2.129082,2.933706,0.7091,0.7091
-2.177695,2.956546,0.6892,0.6892
-2.226305,2.978226,0.6494,0.6494
-2.274918,2.999635,0.6397,0.6397
-2.323534,3.021667,0.5998,0.5998
-2.372157,3.042489,0.5600,0.5600
-2.420791,3.063978,0.5600,0.5600
-2.469437,3.085173,0.5298,0.5298
-2.518098,3.105114,0.5395,0.5395
-2.566778,3.125677,0.5094,0.5094
-2.615480,3.145031,0.5394,0.5394
-2.664205,3.165051,0.5295,0.5295
-2.712957,3.183908,0.5197,0.5197
-2.761738,3.202492,0.5598,0.5598
-2.810552,3.220824,0.5500,0.5500
-2.859402,3.238927,0.5500,0.5500
-2.908289,3.255836,0.6000,0.6000
-2.957218,3.273424,0.6098,0.6098
-3.006190,3.290843,0.6197,0.6197
-3.055209,3.308114,0.6795,0.6795
-3.104277,3.325143,0.6894,0.6894
-3.153398,3.341952,0.6992,0.6992
-3.202573,3.359547,0.7591,0.7591
-3.251807,3.376096,0.7591,0.7591
-3.301101,3.393476,0.7591,0.7591
-3.350459,3.409856,0.7689,0.7689
-3.399883,3.426127,0.7991,0.7991
-3.449376,3.443180,0.7689,0.7689
-3.498942,3.459186,0.7991,0.7991
-3.548582,3.475034,0.8091,0.8091
-3.598300,3.490748,0.8189,0.8189
-3.648098,3.506346,0.7991,0.7991
-3.697980,3.522722,0.8091,0.8091
-3.747948,3.538044,0.8189,0.8189
-3.798004,3.554188,0.7991,0.7991
-3.848153,3.569324,0.8189,0.8189
-3.898396,3.584343,0.7991,0.7991
-3.948737,3.600135,0.8091,0.8091
-3.999177,3.614871,0.8091,0.8091
-4.049721,3.630426,0.7991,0.7991
-4.100371,3.646825,0.8189,0.8189
-4.151130,3.663224,0.8091,0.8091
-4.202000,3.680634,0.7894,0.7894
-4.252000,3.699085,0.8189,0.8189
-4.302000,3.717739,0.8091,0.8091
-4.352000,3.737614,0.7991,0.7991
-4.402000,3.756890,0.8189,0.8189
-4.452000,3.777453,0.8091,0.8091
-4.502000,3.799341,0.8389,0.8389
-4.552000,3.820735,0.8189,0.8189
-4.602000,3.842541,0.8091,0.8091
-4.652000,3.863811,0.8389,0.8389
-4.702000,3.885446,0.8189,0.8189
-4.752000,3.906495,0.8389,0.8389
-4.802000,3.927858,0.8189,0.8189
-4.852000,3.948579,0.8389,0.8389
-4.902000,3.969556,0.8189,0.8189
-4.952000,3.990701,0.7991,0.7991
-5.002000,4.011926,0.8189,0.8189
-5.052000,4.033258,0.7894,0.7894
-5.102000,4.054725,0.7991,0.7991
-5.152000,4.075368,0.7689,0.7689
-5.202000,4.095212,0.8091,0.8091
-5.252000,4.114277,0.7991,0.7991
-5.302870,4.133567,0.7689,0.7689
-5.353629,4.152230,0.7991,0.7991
-5.405149,4.170280,0.7689,0.7689
-5.456451,4.188717,0.7591,0.7591
-5.507542,4.207551,0.7991,0.7991
-5.558427,4.226797,0.7689,0.7689
-5.609111,4.246466,0.7991,0.7991
-5.659600,4.265587,0.7689,0.7689
-5.709900,4.286024,0.7591,0.7591
-5.760016,4.306806,0.7689,0.7689
-5.809954,4.328815,0.7591,0.7591
-5.859721,4.351083,0.7991,0.7991
-5.909320,4.373510,0.7689,0.7689
-5.958759,4.396113,0.8091,0.8091
-6.008042,4.418906,0.7991,0.7991
-6.057175,4.441790,0.7689,0.7689
-6.106165,4.465653,0.8091,0.8091
-6.155016,4.489526,0.7991,0.7991
-6.203734,4.513315,0.8189,0.8189
-6.252326,4.537908,0.7991,0.7991
-6.300795,4.562341,0.7991,0.7991
-6.349149,4.585651,0.8189,0.8189
-6.397393,4.609711,0.7991,0.7991
-6.445533,4.633558,0.8091,0.8091
-6.493573,4.657099,0.7689,0.7689
-6.541521,4.681224,0.7991,0.7991
-6.589380,4.704974,0.7689,0.7689
-6.637158,4.728372,0.7991,0.7991
-6.684860,4.751443,0.7591,0.7591
-6.732491,4.775080,0.7689,0.7689
-6.780057,4.798326,0.7591,0.7591
-6.827564,4.821208,0.7689,0.7689
-6.875017,4.843752,0.7492,0.7492
-6.922422,4.866855,0.7591,0.7591
-6.969785,4.888694,0.7689,0.7689
-7.017111,4.911148,0.7591,0.7591
-7.064406,4.932393,0.7492,0.7492
-7.111675,4.953326,0.7091,0.7091
-7.158925,4.974844,0.6591,0.6591
-7.206161,4.995121,0.6492,0.6492
-7.253388,5.016040,0.5992,0.5992
-7.300612,5.036646,0.5992,0.5992
-7.347839,5.056968,0.5794,0.5794
-7.395075,5.077035,0.5395,0.5395
-7.442325,5.095894,0.5298,0.5298
-7.489594,5.115425,0.4900,0.4900
-7.536889,5.133803,0.4598,0.4598
-7.584215,5.152911,0.4695,0.4695
-7.631578,5.171792,0.4394,0.4394
-7.678983,5.189493,0.4295,0.4295
-7.726436,5.207894,0.4697,0.4697
-7.773943,5.225171,0.4598,0.4598
-7.821509,5.243205,0.5000,0.5000
-7.869140,5.260172,0.5000,0.5000
-7.916842,5.276967,0.5000,0.5000
-7.964620,5.294489,0.5500,0.5500
-8.012479,5.310911,0.5598,0.5598
-8.060427,5.327132,0.5697,0.5697
-8.108467,5.343178,0.6295,0.6295
-8.156607,5.359075,0.6394,0.6394
-8.204851,5.374737,0.6492,0.6492
-8.253205,5.390189,0.6591,0.6591
-8.301674,5.405459,0.7091,0.7091
-8.350266,5.421445,0.7291,0.7291
-8.398984,5.436320,0.7591,0.7591
-8.447835,5.450981,0.7592,0.7592
-8.496825,5.465457,0.7894,0.7894
-8.545958,5.479772,0.8189,0.8189
-8.595241,5.493955,0.7991,0.7991
-8.644680,5.508033,0.8091,0.8091
-8.694279,5.522901,0.8189,0.8189
-8.744046,5.537605,0.8389,0.8389
-8.793984,5.552175,0.8189,0.8189
-8.844100,5.566641,0.8389,0.8389
-8.894400,5.580918,0.8591,0.8591
-8.944889,5.594050,0.8189,0.8189
-8.995573,5.607920,0.8389,0.8389
-9.046458,5.620702,0.8591,0.8591
-9.097549,5.634278,0.8389,0.8389
-9.148851,5.648678,0.8389,0.8389
-9.200371,5.663063,0.8389,0.8389
-9.251130,5.678452,0.8189,0.8189
-9.302000,5.694878,0.8389,0.8389
-9.352000,5.711511,0.8189,0.8189
-9.402000,5.729373,0.8091,0.8091
-9.452000,5.747520,0.8389,0.8389
-9.502000,5.765993,0.8189,0.8189
-9.552000,5.784833,0.7991,0.7991
-9.602000,5.804081,0.8189,0.8189
-9.652000,5.823779,0.7991,0.7991
-9.702000,5.843852,0.8189,0.8189
-9.752000,5.863357,0.8091,0.8091
-9.802000,5.883202,0.7991,0.7991
-9.852000,5.902441,0.8189,0.8189
-9.902000,5.922964,0.7991,0.7991
-9.952000,5.943825,0.8189,0.8189
-10.002000,5.964077,0.7991,0.7991
-10.052000,5.984625,0.7689,0.7689
-10.102000,6.004521,0.8091,0.8091
-10.152000,6.024666,0.7991,0.7991
-10.202000,6.044980,0.8189,0.8189
-10.252000,6.064509,0.7991,0.7991
-10.302000,6.085139,0.7689,0.7689
-10.352000,6.105917,0.8091,0.8091
-10.402000,6.125892,0.7991,0.7991
-10.452000,6.145962,0.8189,0.8189
-10.502000,6.166044,0.8091,0.8091
-10.552000,6.185182,0.7991,0.7991
-10.602000,6.205258,0.8189,0.8189
-10.652000,6.224447,0.7991,0.7991
-10.702000,6.243646,0.8189,0.8189
-10.752000,6.262767,0.7991,0.7991
-10.802000,6.281838,0.7689,0.7689
-10.852000,6.300884,0.8091,0.8091
-10.902000,6.319819,0.7992,0.7992
-10.952000,6.339539,0.7894,0.7894
-11.002000,6.359090,0.8189,0.8189
-11.052000,6.379371,0.8091,0.8091
-11.102000,6.398560,0.8389,0.8389
-11.152000,6.417558,0.8189,0.8189
-11.202000,6.437263,0.7991,0.7991
-11.252000,6.456723,0.8189,0.8189
-11.302000,6.475858,0.8091,0.8091
-11.352000,6.495569,0.8389,0.8389
-11.402000,6.514037,0.8189,0.8189
-11.452000,6.533149,0.8091,0.8091
-11.502000,6.551956,0.8389,0.8389
-11.552000,6.571364,0.8189,0.8189
-11.602000,6.590425,0.8091,0.8091
-11.652000,6.609065,0.8389,0.8389
-11.702000,6.627320,0.8189,0.8189
-11.752000,6.645229,0.8389,0.8389
-11.802000,6.663701,0.8189,0.8189
-11.852000,6.681791,0.8091,0.8091
-11.902000,6.700411,0.8389,0.8389
-11.952000,6.718621,0.8189,0.8189
-12.002000,6.737219,0.7991,0.7991
-12.052000,6.757007,0.8189,0.8189
-12.102000,6.776070,0.8091,0.8091
-12.152000,6.796200,0.8389,0.8389
-12.202870,6.816356,0.8189,0.8189
-12.253629,6.836369,0.7991,0.7991
-12.305149,6.857059,0.8189,0.8189
-12.357321,6.877396,0.8091,0.8091
-12.409171,6.897224,0.8389,0.8389
-12.460705,6.917373,0.8189,0.8189
-12.512803,6.936825,0.8091,0.8091
-12.564492,6.956418,0.8389,0.8389
-12.616652,6.975143,0.8189,0.8189
-12.669185,6.993848,0.8591,0.8591
-12.721121,7.011530,0.8389,0.8389
-12.773348,7.028062,0.8189,0.8189
-12.825772,7.043318,0.8389,0.8389
-12.877431,7.058159,0.8189,0.8189
-12.929217,7.071598,0.8091,0.8091
-12.980171,7.083521,0.7992,0.7992
-13.031190,7.094800,0.8394,0.8394
-13.082185,7.104460,0.8295,0.8295
-13.132205,7.113383,0.8197,0.8197
-13.182151,7.120599,0.8098,0.8098
-13.231941,7.126015,0.8000,0.8000
-13.280629,7.130524,0.8000,0.8000
-13.329121,7.133169,0.8000,0.8000
-13.377341,7.133868,0.8000,0.8000
-13.425219,7.133523,0.8098,0.8098
-13.471815,7.131190,0.8197,0.8197
-13.518044,7.126797,0.8295,0.8295
-13.563839,7.121260,0.8394,0.8394
-13.609138,7.113644,0.8492,0.8492
-13.653879,7.104873,0.8591,0.8591
-13.698005,7.094023,0.8591,0.8591
-13.740590,7.081041,0.8189,0.8189
-13.782564,7.066862,0.8389,0.8389
-13.823875,7.050572,0.8691,0.8691
-13.863603,7.033115,0.8594,0.8594
-13.902683,7.013585,0.8895,0.8895
-13.941068,6.991950,0.8497,0.8497
-13.978715,6.969165,0.8798,0.8798
-14.014713,6.944335,0.9100,0.9100
-14.050005,6.918424,0.8798,0.8798
-14.083683,6.890546,0.8798,0.8798
-14.116693,6.860689,0.9197,0.9197
-14.149000,6.829827,0.8895,0.8895
-14.180572,6.797085,0.9294,0.9294
-14.210509,6.762463,0.9288,0.9288
-14.239765,6.726946,0.9089,0.9089
-14.268314,6.689672,0.9189,0.9189
-14.296132,6.650649,0.9189,0.9189
-14.323197,6.610876,0.8788,0.8788
-14.348622,6.569501,0.9089,0.9089
-14.373372,6.527528,0.8788,0.8788
-14.397432,6.484116,0.9089,0.9089
-14.420788,6.439293,0.8689,0.8689
-14.443432,6.394077,0.8689,0.8689
-14.464486,6.347635,0.8389,0.8389
-14.484927,6.300009,0.8500,0.8500
-14.504752,6.251242,0.8000,0.8000
-14.523958,6.201381,0.8000,0.8000
-14.542547,6.150475,0.8000,0.8000
-14.559654,6.099561,0.7598,0.7598
-14.576267,6.047827,0.7697,0.7697
-14.592393,5.995334,0.7795,0.7795
-14.608041,5.942145,0.7492,0.7492
-14.623226,5.888326,0.7591,0.7591
-14.637962,5.833947,0.7689,0.7689
-14.652267,5.780065,0.7492,0.7492
-14.666163,5.725886,0.7591,0.7591
-14.679674,5.671491,0.7689,0.7689
-14.692826,5.616964,0.7991,0.7991
-14.705650,5.562390,0.7591,0.7591
-14.718178,5.507859,0.7689,0.7689
-14.730444,5.454447,0.7991,0.7991
-14.743358,5.401381,0.8091,0.8091
-14.755978,5.348762,0.7689,0.7689
-14.768352,5.296693,0.7991,0.7991
-14.780528,5.245279,0.8000,0.8000
-14.792559,5.194629,0.8098,0.8098
-14.804500,5.143870,0.7697,0.7697
-14.816408,5.093000,0.7894,0.7894
-14.828346,5.043000,0.7992,0.7992
-14.840375,4.993000,0.8091,0.8091
-14.851578,4.943000,0.8189,0.8189
-14.862892,4.893000,0.7795,0.7795
-14.873400,4.843000,0.7894,0.7894
-14.883059,4.793000,0.7992,0.7992
-14.892807,4.743000,0.8000,0.8000
-14.902716,4.693000,0.7598,0.7598
-14.911877,4.643000,0.7697,0.7697
-14.921234,4.593000,0.7795,0.7795
-14.929881,4.543000,0.7894,0.7894
-14.937781,4.493000,0.7992,0.7992
-14.945882,4.443000,0.8000,0.8000
-14.953279,4.393000,0.7598,0.7598
-14.959939,4.343000,0.7697,0.7697
-14.966813,4.293000,0.7795,0.7795
-14.973000,4.243000,0.7894,0.7894
-14.979452,4.193000,0.7992,0.7992
-14.985271,4.143000,0.7992,0.7992
-14.991300,4.093000,0.7894,0.7894
-14.997512,4.043000,0.7689,0.7689
-15.003886,3.993000,0.7500,0.7500
-15.009416,3.943000,0.7500,0.7500
-15.015069,3.893000,0.7500,0.7500
-15.019956,3.843000,0.7500,0.7500
-15.024061,3.793000,0.7500,0.7500
-15.027366,3.743000,0.7500,0.7500
-15.031710,3.693000,0.7492,0.7492
-15.035227,3.643000,0.7394,0.7394
-15.038774,3.593000,0.7295,0.7295
-15.041361,3.543000,0.7197,0.7197
-15.042977,3.493000,0.7098,0.7098
-15.044484,3.443000,0.7000,0.7000
-15.045878,3.393000,0.6992,0.6992
-15.046284,3.343000,0.6894,0.6894
-15.045701,3.293000,0.6795,0.6795
-15.045109,3.243000,0.6697,0.6697
-15.044509,3.193000,0.6598,0.6598
-15.042919,3.143000,0.6500,0.6500
-15.041213,3.093000,0.6500,0.6500
-15.040265,3.043000,0.6492,0.6492
-15.038232,2.993000,0.6394,0.6394
-15.036982,2.943000,0.6295,0.6295
-15.034674,2.893000,0.6197,0.6197
-15.032198,2.843000,0.6098,0.6098
-15.028588,2.793000,0.6000,0.6000
-15.025718,2.743000,0.6000,0.6000
-15.022630,2.693000,0.6000,0.6000
-15.018367,2.643000,0.6000,0.6000
-15.013827,2.593000,0.6000,0.6000
-15.008928,2.543000,0.5992,0.5992
-15.003702,2.493000,0.5894,0.5894
-14.998188,2.443000,0.6295,0.6295
-14.992309,2.393000,0.6197,0.6197
-14.985994,2.343000,0.6098,0.6098
-14.978304,2.293000,0.6000,0.6000
-14.971138,2.243000,0.6000,0.6000
-14.962693,2.193000,0.6000,0.6000
-14.953890,2.143000,0.6000,0.6000
-14.943797,2.093000,0.6500,0.6500
-14.932469,2.043000,0.6500,0.6500
-14.921813,1.993000,0.6500,0.6500
-14.910035,1.943000,0.6500,0.6500
-14.898064,1.893000,0.7000,0.7000
-14.885847,1.843000,0.7000,0.7000
-14.873335,1.793000,0.6892,0.6892
-14.859612,1.743000,0.6591,0.6591
-14.845615,1.693000,0.6992,0.6992
-14.831301,1.643000,0.6894,0.6894
-14.815758,1.593000,0.6795,0.6795
-14.799930,1.543000,0.7197,0.7197
-14.783779,1.493000,0.7098,0.7098
-14.766400,1.443000,0.6892,0.6892
-14.748741,1.393000,0.7091,0.7091
-14.729786,1.343000,0.6992,0.6992
-14.709502,1.293000,0.6892,0.6892
-14.688841,1.243000,0.7091,0.7091
-14.667774,1.193000,0.6992,0.6992
-14.645403,1.143000,0.7394,0.7394
-14.622687,1.093000,0.7295,0.7295
-14.598731,1.043000,0.7697,0.7697
-14.574496,0.993000,0.7598,0.7598
-14.549960,0.943000,0.8000,0.8000
-14.525105,0.893000,0.8000,0.8000
-14.499046,0.843000,0.8389,0.8389
-14.472751,0.793000,0.8098,0.8098
-14.446208,0.743000,0.8098,0.8098
-14.419407,0.693000,0.7797,0.7797
-14.391471,0.643000,0.7894,0.7894
-14.363376,0.593000,0.7592,0.7592
-14.335120,0.543000,0.7689,0.7689
-14.306700,0.493000,0.7591,0.7591
-14.277248,0.443000,0.7992,0.7992
-14.247749,0.393000,0.8195,0.8195
-14.218208,0.343000,0.7894,0.7894
-14.188633,0.293000,0.7991,0.7991
-14.158162,0.243000,0.7689,0.7689
-14.127790,0.193000,0.7894,0.7894
-14.097530,0.142130,0.7991,0.7991
-14.067397,0.091371,0.7689,0.7689
-14.036426,0.040721,0.7894,0.7894
-14.004634,-0.009823,0.7592,0.7592
-13.971170,-0.060263,0.7689,0.7689
-13.937904,-0.110604,0.7894,0.7894
-13.904854,-0.161717,0.7592,0.7592
-13.872042,-0.212624,0.7689,0.7689
-13.839491,-0.263331,0.7797,0.7797
-13.807229,-0.313843,0.7495,0.7495
-13.774300,-0.364165,0.7592,0.7592
-13.740734,-0.414304,0.7689,0.7689
-13.706561,-0.464265,0.7495,0.7495
-13.672680,-0.514054,0.7592,0.7592
-13.639125,-0.563676,0.7689,0.7689
-13.604946,-0.613137,0.7495,0.7495
-13.571047,-0.662443,0.7592,0.7592
-13.537469,-0.711599,0.7689,0.7689
-13.504250,-0.760611,0.7398,0.7398
-13.471436,-0.809485,0.7495,0.7495
-13.438088,-0.859096,0.7592,0.7592
-13.405123,-0.908469,0.7291,0.7291
-13.371606,-0.957611,0.7398,0.7398
-13.337472,-1.006531,0.7797,0.7797
-13.303640,-1.056109,0.7495,0.7495
-13.269178,-1.105370,0.7592,0.7592
-13.234139,-1.154326,0.7689,0.7689
-13.197704,-1.202989,0.7700,0.7700
-13.161778,-1.251369,0.7398,0.7398
-13.124559,-1.299478,0.7495,0.7495
-13.086094,-1.347327,0.7592,0.7592
-13.048287,-1.394927,0.7689,0.7689
-13.009332,-1.442291,0.7398,0.7398
-12.970145,-1.489428,0.7398,0.7398
-12.930772,-1.536351,0.7398,0.7398
-12.891262,-1.583070,0.7495,0.7495
-12.851545,-1.629597,0.7592,0.7592
-12.811555,-1.676814,0.7291,0.7291
-12.772207,-1.723750,0.7591,0.7591
-12.732567,-1.771289,0.7495,0.7495
-12.693554,-1.819333,0.7398,0.7398
-12.654236,-1.866919,0.7000,0.7000
-12.615535,-1.914936,0.7000,0.7000
-12.577507,-1.963292,0.7097,0.7097
-12.539225,-2.011898,0.7194,0.7194
-12.501617,-2.059799,0.7097,0.7097
-12.463758,-2.107891,0.6698,0.6698
-12.425596,-2.156093,0.7000,0.7000
-12.387077,-2.204323,0.7000,0.7000
-12.349132,-2.251633,0.7097,0.7097
-12.310839,-2.298932,0.6795,0.6795
-12.272148,-2.346143,0.6795,0.6795
-12.233992,-2.392324,0.6698,0.6698
-12.195453,-2.437519,0.6698,0.6698
-12.156484,-2.482639,0.6300,0.6300
-12.118021,-2.526745,0.6300,0.6300
-12.079148,-2.570753,0.6300,0.6300
-12.039821,-2.613725,0.6300,0.6300
-12.000978,-2.655710,0.6698,0.6698
-11.961707,-2.697627,0.6397,0.6397
-11.921966,-2.738541,0.6397,0.6397
-11.882697,-2.778503,0.6300,0.6300
-11.842990,-2.818434,0.6300,0.6300
-11.803791,-2.857404,0.5998,0.5998
-11.764192,-2.895466,0.6300,0.6300
-11.724156,-2.933543,0.6300,0.6300
-11.683648,-2.970708,0.6300,0.6300
-11.643614,-3.007888,0.6000,0.6000
-11.603151,-3.044157,0.6000,0.6000
-11.562224,-3.080444,0.5598,0.5598
-11.520801,-3.115828,0.5197,0.5197
-11.479831,-3.151240,0.4697,0.4697
-11.438414,-3.185761,0.4295,0.4295
-11.396518,-3.219457,0.3995,0.3995
-11.354112,-3.253261,0.3995,0.3995
-11.312149,-3.287127,0.3898,0.3898
-11.269733,-3.320142,0.3898,0.3898
-11.226833,-3.353247,0.3597,0.3597
-11.183422,-3.385529,0.3795,0.3795
-11.140456,-3.417063,0.3995,0.3995
-11.097039,-3.448792,0.3795,0.3795
-11.053147,-3.479694,0.4295,0.4295
-11.008753,-3.509730,0.4697,0.4697
-10.963833,-3.539847,0.4598,0.4598
-10.919345,-3.569139,0.5000,0.5000
-10.875381,-3.598556,0.5098,0.5098
-10.831052,-3.627194,0.5697,0.5697
-10.786337,-3.655022,0.5795,0.5795
-10.741217,-3.682877,0.6095,0.6095
-10.695671,-3.709860,0.5992,0.5992
-10.649681,-3.736924,0.6192,0.6192
-10.603226,-3.763174,0.5794,0.5794
-10.557272,-3.789567,0.6095,0.6095
-10.510930,-3.815209,0.5992,0.5992
-10.464185,-3.841059,0.6192,0.6192
-10.417019,-3.866228,0.5992,0.5992
-10.369415,-3.891678,0.6192,0.6192
-10.321356,-3.916521,0.6095,0.6095
-10.272826,-3.940853,0.6397,0.6397
-10.223807,-3.965639,0.6192,0.6192
-10.174283,-3.989995,0.6494,0.6494
-10.124236,-4.013905,0.6397,0.6397
-10.073649,-4.037353,0.6591,0.6591
-10.022507,-4.060438,0.6494,0.6494
-9.970791,-4.084129,0.6795,0.6795
-9.918485,-4.107429,0.6591,0.6591
-9.865571,-4.130325,0.6892,0.6892
-9.813018,-4.153789,0.7091,0.7091
-9.760925,-4.176941,0.6892,0.6892
-9.708412,-4.200756,0.7091,0.7091
-9.656451,-4.224355,0.6892,0.6892
-9.605149,-4.248718,0.7091,0.7091
-9.553629,-4.273840,0.7091,0.7091
-9.502870,-4.298848,0.7091,0.7091
-9.452000,-4.324726,0.6992,0.6992
-9.402000,-4.350606,0.7091,0.7091
-9.352000,-4.377473,0.6892,0.6892
-9.302000,-4.404462,0.6892,0.6892
-9.252000,-4.431577,0.6591,0.6591
-9.202000,-4.458821,0.6394,0.6394
-9.152000,-4.486199,0.6492,0.6492
-9.102000,-4.512732,0.6192,0.6192
-9.052000,-4.540274,0.6492,0.6492
-9.002000,-4.567846,0.6192,0.6192
-8.952000,-4.594467,0.6494,0.6494
-8.902000,-4.621009,0.6397,0.6397
-8.852000,-4.647474,0.6591,0.6591
-8.802000,-4.673862,0.6394,0.6394
-8.752000,-4.700061,0.6492,0.6492
-8.702000,-4.725088,0.6192,0.6192
-8.602000,-4.776201,0.6397,0.6397
-8.552000,-4.800321,0.6591,0.6591
-8.502000,-4.825009,0.6492,0.6492
-8.452000,-4.850266,0.6591,0.6591
-8.402000,-4.875113,0.6494,0.6494
-8.352000,-4.900423,0.6795,0.6795
-8.302000,-4.924348,0.6591,0.6591
-8.252000,-4.948749,0.6892,0.6892
-8.202000,-4.972761,0.6795,0.6795
-8.152000,-4.996392,0.7097,0.7097
-8.102000,-5.020519,0.6795,0.6795
-8.052000,-5.044282,0.6894,0.6894
-8.002000,-5.067690,0.6492,0.6492
-7.952000,-5.091623,0.6591,0.6591
-7.902000,-5.115225,0.6394,0.6394
-7.852000,-5.138508,0.6492,0.6492
-7.802000,-5.162354,0.6192,0.6192
-7.752000,-5.184925,0.6492,0.6492
-7.702000,-5.208088,0.6192,0.6192
-7.652000,-5.230874,0.6394,0.6394
-7.602000,-5.253299,0.6492,0.6492
-7.552000,-5.275377,0.6192,0.6192
-7.502000,-5.297125,0.6494,0.6494
-7.452000,-5.319543,0.6397,0.6397
-7.402000,-5.341664,0.6591,0.6591
-7.352000,-5.363393,0.6492,0.6492
-7.302000,-5.385617,0.6591,0.6591
-7.252000,-5.407374,0.6492,0.6492
-7.202000,-5.428685,0.6591,0.6591
-7.152000,-5.450555,0.6892,0.6892
-7.102000,-5.472025,0.6492,0.6492
-7.052000,-5.493003,0.6591,0.6591
-7.002000,-5.514383,0.6492,0.6492
-6.952000,-5.535209,0.6591,0.6591
-6.902000,-5.555506,0.6892,0.6892
-6.852000,-5.575302,0.6492,0.6492
-6.802000,-5.595494,0.6500,0.6500
-6.752000,-5.615127,0.6000,0.6000
-6.702000,-5.634116,0.6098,0.6098
-6.652000,-5.652490,0.6197,0.6197
-6.602000,-5.670280,0.5795,0.5795
-6.552000,-5.688385,0.5894,0.5894
-6.502000,-5.706724,0.5992,0.5992
-6.452000,-5.725216,0.5794,0.5794
-6.402000,-5.742916,0.5992,0.5992
-6.352000,-5.760733,0.5794,0.5794
-6.302000,-5.778592,0.6095,0.6095
-6.252000,-5.796423,0.6397,0.6397
-6.202000,-5.814273,0.6300,0.6300
-6.152000,-5.832076,0.6591,0.6591
-6.102000,-5.849771,0.6892,0.6892
-6.052000,-5.866428,0.6492,0.6492
-6.002000,-5.882973,0.6591,0.6591
-5.952000,-5.899462,0.6892,0.6892
-5.902000,-5.915843,0.6591,0.6591
-5.852000,-5.931951,0.6892,0.6892
-5.802000,-5.947737,0.7194,0.7194
-5.752000,-5.962285,0.7091,0.7091
-5.702000,-5.976536,0.7291,0.7291
-5.652000,-5.989577,0.7500,0.7500
-5.602000,-6.003220,0.7500,0.7500
-5.552000,-6.015574,0.7492,0.7492
-5.502000,-6.027472,0.7591,0.7591
-5.452000,-6.038880,0.7591,0.7591
-5.402000,-6.048898,0.7492,0.7492
-5.352000,-6.059348,0.7689,0.7689
-5.302000,-6.068350,0.7591,0.7591
-5.252000,-6.077734,0.7492,0.7492
-5.202000,-6.085626,0.7394,0.7394
-5.152000,-6.092990,0.7295,0.7295
-5.102000,-6.099809,0.7197,0.7197
-5.052000,-6.106069,0.7098,0.7098
-5.002000,-6.110889,0.7500,0.7500
-4.952000,-6.115128,0.7598,0.7598
-4.902000,-6.118776,0.7697,0.7697
-4.852000,-6.121829,0.7795,0.7795
-4.802000,-6.124283,0.7894,0.7894
-4.752000,-6.126139,0.7992,0.7992
-4.702000,-6.126414,0.8000,0.8000
-4.652000,-6.126967,0.8000,0.8000
-4.602000,-6.125951,0.8000,0.8000
