x_m,y_m,w_tr_right_m,w_tr_left_m,psi_rad,kappa_radpm,vx_mps
-4.534623,-6.251003,0.6719,0.9281,0.022950,0.199612,9.7508
-4.284743,-6.239023,0.6416,0.9199,0.072563,0.197226,9.8043
-4.035757,-6.214740,0.6712,0.9857,0.121630,0.195245,9.8591
-3.788251,-6.178335,0.6252,0.9830,0.170261,0.193735,9.9056
-3.542798,-6.129987,0.5807,0.9862,0.218564,0.192612,9.9367
-3.299957,-6.069879,0.5399,0.9879,0.266646,0.191966,9.9445
-3.060279,-5.998187,0.5132,1.0058,0.314633,0.191859,9.9177
-2.824315,-5.915084,0.4810,1.0185,0.362624,0.191989,9.8421
-2.592609,-5.820752,0.4435,1.0211,0.410827,0.193557,9.7027
-2.365741,-5.715323,0.4114,1.0200,0.458973,0.191527,9.4896
-2.144174,-5.599149,0.4148,1.0480,0.509004,0.208664,9.2027
-1.928971,-5.471582,0.4222,1.0743,0.564840,0.238003,8.8536
-1.721730,-5.331441,0.4258,1.0881,0.627720,0.265104,8.4623
-1.524222,-5.177884,0.4513,1.1124,0.697701,0.294914,7.9949
-1.338553,-5.010199,0.4861,1.1316,0.775350,0.326619,7.5676
-1.167169,-4.827935,0.5040,1.1146,0.861222,0.360907,7.1690
-1.012885,-4.630981,0.5258,1.0840,0.955952,0.397791,6.7976
-0.878889,-4.419696,0.5698,1.0584,1.060329,0.438489,6.4419
-0.768768,-4.195036,0.5985,0.9970,1.175465,0.484438,6.0939
-0.686531,-3.958738,0.6598,0.9485,1.302780,0.536742,5.7516
-0.636549,-3.713581,0.7138,0.8711,1.444161,0.598199,5.4009
-0.623509,-3.463734,0.7669,0.7714,1.602062,0.670791,5.0531
-0.652136,-3.215231,0.8427,0.6801,1.779552,0.757855,4.7060
-0.726719,-2.976532,0.9195,0.5852,1.981049,0.867779,4.3354
-0.850415,-2.759344,0.9736,0.4891,2.211898,1.000776,3.9667
-1.023291,-2.579119,0.9938,0.4274,2.479919,1.179311,3.5671
-1.240140,-2.455830,0.9268,0.4073,2.787733,1.335631,3.2803
-1.485342,-2.408433,0.7846,0.4369,3.086127,1.100199,3.2803
-1.734627,-2.428375,0.6593,0.4956,-2.954090,0.869208,3.7330
-1.973978,-2.501143,0.5713,0.5682,-2.760755,0.689276,4.3310
-2.197425,-2.613672,0.5660,0.6867,-2.609219,0.528293,4.9782
-2.404157,-2.754566,0.5357,0.7428,-2.496361,0.376527,5.8035
-2.596745,-2.914243,0.5010,0.7623,-2.420989,0.226871,6.5286
-2.779970,-3.084581,0.5068,0.8021,-2.382102,0.084168,6.9230
-2.959566,-3.258735,0.4935,0.8073,-2.377729,-0.049206,7.0922
-3.141293,-3.430667,0.4954,0.8215,-2.406393,-0.180032,7.0255
-3.330568,-3.594241,0.5071,0.8431,-2.467427,-0.308363,6.7715
-3.531874,-3.742764,0.4901,0.8384,-2.560224,-0.435048,6.3801
-3.748051,-3.868580,0.4595,0.8185,-2.683926,-0.557227,5.6303
-3.979591,-3.963285,0.4061,0.7843,-2.840525,-0.701709,4.9261
-4.223986,-4.016361,0.4076,0.8307,-3.005772,-0.627127,4.9261
-4.473693,-4.030810,0.4133,0.9003,3.131320,-0.546385,5.2606
-4.723057,-4.011234,0.4360,0.9876,3.003099,-0.482428,5.6937
-4.968265,-3.961873,0.4432,1.0427,2.889345,-0.429600,6.1081
-5.206794,-3.886557,0.4364,1.0546,2.787925,-0.383081,6.5154
-5.437046,-3.788804,0.4912,1.0934,2.697645,-0.339986,6.9394
-5.658184,-3.671871,0.5630,1.1138,2.617982,-0.297792,7.4052
-5.870023,-3.538818,0.5847,1.0452,2.548949,-0.254680,7.9534
-6.072974,-3.392555,0.6376,0.9787,2.491109,-0.208077,8.6455
-6.268047,-3.235934,0.6472,0.8528,2.445373,-0.157732,9.5601
-6.456792,-3.071741,0.6802,0.7422,2.412567,-0.104612,10.0843
-6.641177,-2.902667,0.7615,0.6833,2.393134,-0.050761,10.4438
-6.823400,-2.731265,0.8286,0.6101,2.387113,0.002627,10.6012
-7.005735,-2.559983,0.9164,0.5604,2.394317,0.054970,10.5629
-7.190409,-2.391224,0.9812,0.4881,2.414254,0.104433,10.3737
-7.379426,-2.227347,1.0649,0.4545,2.445940,0.148942,10.1008
-7.574413,-2.070625,1.1404,0.4399,2.488237,0.189352,9.6821
-7.776593,-1.923311,1.1515,0.4051,2.539485,0.220593,9.2053
-7.986591,-1.787362,1.1544,0.4046,2.598496,0.251551,8.7024
-8.204706,-1.664882,1.1716,0.4383,2.659428,0.235963,8.7024
-8.429674,-1.555468,1.1708,0.4684,2.713506,0.196664,9.0022
-8.659747,-1.457244,1.1980,0.5460,2.758136,0.160295,9.9076
-8.893573,-1.368318,1.1353,0.5561,2.793494,0.122456,10.4078
-9.130015,-1.286595,1.0370,0.5557,2.819195,0.083048,10.6400
-9.368104,-1.209800,0.9510,0.5922,2.834649,0.040511,10.7241
-9.606959,-1.135422,0.8422,0.6203,2.838993,-0.005782,10.6423
-9.845706,-1.060699,0.6666,0.5833,2.831443,-0.054580,10.4157
-10.083411,-0.982723,0.5554,0.5962,2.811791,-0.102545,10.0851
-10.319038,-0.898676,0.4860,0.6244,2.780484,-0.147798,9.6935
-10.551397,-0.805979,0.5192,0.7244,2.738109,-0.191113,9.2786
-10.779061,-0.702289,0.4842,0.7351,2.685016,-0.233608,8.7881
-11.000285,-0.585488,0.4333,0.7169,2.621145,-0.277475,8.2598
-11.212877,-0.453645,0.4036,0.7030,2.547430,-0.312534,7.7496
-11.414542,-0.305616,0.4102,0.7034,2.468791,-0.316996,7.6907
-11.603858,-0.142101,0.4082,0.6602,2.388843,-0.323019,7.6130
-11.779385,0.036149,0.4480,0.6370,2.308240,-0.322270,7.6130
-11.940006,0.227937,0.5145,0.6334,2.227369,-0.325144,7.5774
-12.084540,0.432132,0.5739,0.6226,2.145402,-0.331081,7.5124
-12.211706,0.647560,0.6274,0.6134,2.062105,-0.335778,7.4553
-12.320388,0.872912,0.6848,0.6230,1.975591,-0.357013,7.2114
-12.408552,1.106992,0.7304,0.6440,1.890708,-0.322554,7.2114
-12.477605,1.347468,0.7802,0.6951,1.823040,-0.219052,7.4988
-12.533384,1.591337,0.8177,0.7543,1.772553,-0.184768,7.4437
-12.577840,1.837524,0.8091,0.7826,1.723120,-0.210616,7.3196
-12.609279,2.085726,0.8348,0.8605,1.656923,-0.319206,7.1299
-12.620843,2.335584,0.8414,0.9458,1.563688,-0.427540,6.5328
-12.605728,2.585320,0.8258,1.0508,1.457256,-0.425478,6.5328
-12.564237,2.831995,0.7798,1.1779,1.348464,-0.446449,6.3779
-12.495585,3.072523,0.7168,1.3395,1.235133,-0.462172,6.2070
-12.399732,3.303537,0.6388,1.5152,1.116581,-0.488612,5.9976
-12.276526,3.521172,0.5195,1.6448,0.990056,-0.526675,5.7971
-12.125928,3.720777,0.4400,1.7435,0.853925,-0.566395,5.5781
-11.948793,3.897209,0.4078,1.6849,0.706101,-0.621563,5.2878
-11.746616,4.044244,0.4000,1.4629,0.542520,-0.694368,4.9567
-11.522165,4.154406,0.4058,1.1990,0.375184,-0.651941,4.9567
-11.282799,4.226913,0.4528,0.9873,0.221432,-0.583810,5.1432
-11.035422,4.263983,0.5490,0.8612,0.084026,-0.519237,5.4823
-10.785307,4.268814,0.6353,0.7823,-0.038469,-0.463249,5.8606
-10.536310,4.244773,0.7331,0.7479,-0.148047,-0.415018,6.2482
-10.291127,4.195113,0.7930,0.7103,-0.246078,-0.370314,6.6409
-10.051573,4.123023,0.8076,0.6560,-0.320195,-0.223040,7.0692
-9.816409,4.037694,0.8467,0.6370,-0.365734,-0.141216,9.2738
-9.584404,3.944114,0.8602,0.6102,-0.394769,-0.090955,11.7319
-9.354587,3.845280,0.8643,0.5888,-0.413479,-0.058635,13.4067
-9.126245,3.743086,0.8471,0.5625,-0.425429,-0.036903,15.0773
-8.898856,3.638788,0.7828,0.5015,-0.432656,-0.020881,16.6860
-8.672015,3.533304,0.6711,0.4063,-0.436405,-0.009089,18.1637
-8.445415,3.427305,0.6362,0.4001,-0.437593,-0.000406,17.9642
-8.218825,3.321282,0.7014,0.5031,-0.437758,-0.000912,17.7626
-7.992259,3.215208,0.7566,0.6086,-0.438095,-0.001784,17.5586
-7.765741,3.109033,0.7694,0.6785,-0.438600,-0.002257,17.3522
-7.539282,3.002730,0.7636,0.7351,-0.439212,-0.002635,17.1433
-7.312894,2.896277,0.7853,0.8220,-0.439903,-0.002888,16.9319
-7.086583,2.789661,0.7525,0.8520,-0.440652,-0.003096,16.7178
-6.860354,2.682870,0.7520,0.8907,-0.441446,-0.003252,16.5009
-6.634213,2.575895,0.7338,0.8914,-0.442273,-0.003361,16.2811
-6.408161,2.468729,0.7160,0.8862,-0.443122,-0.003428,16.0583
-6.182201,2.361370,0.7144,0.8945,-0.443985,-0.003469,15.8324
-5.956335,2.253815,0.6597,0.8664,-0.444856,-0.003499,15.6032
-5.730563,2.146062,0.6884,0.9276,-0.445732,-0.003506,15.3706
-5.504885,2.038111,0.6850,0.9372,-0.446642,-0.003770,15.1344
-5.279310,1.929948,0.7029,0.9482,-0.447664,-0.004395,14.8945
-5.053853,1.821536,0.6939,0.9201,-0.448855,-0.005130,14.6506
-4.828536,1.712835,0.6951,0.8983,-0.450244,-0.005972,14.4026
-4.603381,1.603798,0.6658,0.8475,-0.451861,-0.006959,14.1503
-4.378417,1.494369,0.6676,0.8353,-0.453748,-0.008120,13.8934
-4.153675,1.384483,0.6118,0.7724,-0.455952,-0.009505,13.6316
-3.929195,1.274063,0.4601,0.6182,-0.458533,-0.011131,13.3648
-3.705024,1.163018,0.4022,0.5715,-0.461578,-0.013206,13.0924
-3.481221,1.051233,0.4523,0.6421,-0.464739,-0.012065,12.8143
-3.257756,0.938774,0.5614,0.7862,-0.467541,-0.010338,12.5301
-3.034582,0.825736,0.5649,0.8389,-0.469831,-0.007974,12.2392
-2.811635,0.712254,0.5855,0.9174,-0.471410,-0.004651,11.9382
-2.588820,0.598513,0.5355,0.9426,-0.471985,0.000057,11.6260
-2.366003,0.484774,0.5156,1.0208,-0.471168,0.006478,11.3016
-2.143002,0.371397,0.4746,1.0741,-0.468486,0.014956,10.9638
-1.919579,0.258855,0.4770,1.1368,-0.463216,0.027181,10.6115
-1.695395,0.147835,0.4677,1.1658,-0.454073,0.045912,10.2432
-1.469951,0.039397,0.4557,1.1736,-0.438800,0.076202,9.8149
-1.242482,-0.064724,0.4450,1.1679,-0.413543,0.125745,9.3449
-1.011846,-0.161642,0.4387,1.1582,-0.370047,0.222163,8.8543
-0.776192,-0.245606,0.4656,1.1652,-0.309304,0.263823,8.3545
-0.535504,-0.313862,0.4819,1.1347,-0.238308,0.304353,7.8483
-0.290321,-0.363635,0.5437,1.1283,-0.156263,0.352450,7.2620
-0.041702,-0.391659,0.5690,1.0706,-0.061842,0.403760,6.7422
0.208480,-0.394521,0.5975,1.0053,0.045870,0.459365,6.2776
0.457350,-0.368752,0.6069,0.9156,0.167997,0.519947,5.8561
0.700801,-0.311026,0.5682,0.7796,0.305987,0.587556,5.4622
0.933220,-0.218421,0.5230,0.6450,0.461853,0.664771,5.0850
1.147232,-0.088811,0.4929,0.5374,0.638808,0.759396,4.7002
1.333098,0.078566,0.4935,0.4687,0.841208,0.872320,4.3215
1.478835,0.282037,0.5104,0.4162,1.079677,1.059448,3.8251
1.566919,0.515755,0.5712,0.4021,1.347975,1.117312,3.6958
1.588280,0.765061,0.6810,0.4532,1.596013,0.894686,3.6958
1.554383,1.012747,0.7835,0.5639,1.804206,0.785033,4.2546
1.473155,1.249304,0.8152,0.6795,1.987405,0.690583,4.6075
1.352691,1.468537,0.8394,0.8376,2.148829,0.607172,4.9727
1.200565,1.667156,0.7722,0.9274,2.290402,0.529450,5.3599
1.023616,1.844035,0.6416,0.9549,2.413385,0.456824,5.7964
0.827697,1.999640,0.5690,1.0269,2.518922,0.388828,6.2970
0.617623,2.135517,0.5155,1.0958,2.608039,0.324781,6.8831
0.397233,2.253916,0.4678,1.1467,2.681733,0.265026,7.5907
0.169493,2.357465,0.4435,1.1960,2.742192,0.218698,8.4644
-0.063550,2.448406,0.4367,1.2335,2.788488,0.151592,9.3703
-0.299886,2.530455,0.4266,1.2408,2.816557,0.072869,11.3461
-0.537671,2.608179,0.4176,1.2180,2.830443,0.038151,13.3691
-0.776189,2.683631,0.4621,1.2124,2.837109,0.015139,14.9350
-1.014991,2.758180,0.5411,1.2169,2.839070,0.000540,16.4853
-1.253803,2.832696,0.6100,1.2026,2.837951,-0.009486,17.9742
-1.492437,2.907778,0.6524,1.1626,2.834741,-0.016179,19.3794
-1.730766,2.983826,0.6710,1.1068,2.830122,-0.020744,19.9597
-1.968696,3.061110,0.5991,0.9694,2.824546,-0.023839,19.7783
-2.206162,3.139811,0.4740,0.7889,2.818350,-0.025698,19.5954
-2.443117,3.220037,0.4090,0.6821,2.811694,-0.027514,19.4106
-2.679513,3.301892,0.4157,0.6630,2.805050,-0.025598,19.2242
-2.915381,3.385259,0.4986,0.7382,2.799213,-0.021071,19.0358
-3.150806,3.469869,0.6007,0.8439,2.794328,-0.017984,18.8457
-3.385848,3.555536,0.6571,0.9121,2.790172,-0.015241,18.6535
-3.620562,3.642100,0.6694,0.9448,2.786642,-0.012982,18.4594
-3.854994,3.729425,0.6545,0.9579,2.783635,-0.011058,18.2632
-4.089182,3.817398,0.6484,0.9764,2.781073,-0.009423,18.0649
-4.323163,3.905923,0.6586,0.9905,2.778890,-0.008023,17.8643
-4.556966,3.994918,0.6687,0.9854,2.777034,-0.006817,17.6615
-4.790617,4.084311,0.6627,0.9608,2.775459,-0.005775,17.4564
-5.024138,4.174042,0.6535,0.9358,2.774127,-0.004872,17.2488
-5.257550,4.264057,0.6376,0.9167,2.773007,-0.004088,17.0386
-5.490869,4.354311,0.6304,0.9153,2.772073,-0.003373,16.8259
-5.724112,4.444761,0.6448,0.9228,2.771292,-0.002873,16.6104
-5.957291,4.535380,0.6729,0.9253,2.770621,-0.002495,16.3921
-6.190412,4.626143,0.7019,0.9152,2.770047,-0.002092,16.1708
-6.423486,4.717029,0.7155,0.8847,2.769574,-0.001684,15.9465
-6.656522,4.808013,0.7106,0.8371,2.769197,-0.001335,15.7190
-6.889527,4.899075,0.7173,0.8053,2.768905,-0.000998,15.4881
-7.122510,4.990195,0.6522,0.7115,2.768706,-0.000591,15.2537
-7.355479,5.081350,0.5392,0.5806,2.768618,-0.000120,15.0157
-7.588445,5.172511,0.4541,0.4890,2.768657,0.000433,14.7739
-7.821422,5.263647,0.4627,0.5036,2.768847,0.001085,14.5280
-8.054423,5.354720,0.5594,0.6178,2.769215,0.001858,14.2779
-8.287466,5.445685,0.6680,0.7542,2.769795,0.002779,14.0233
-8.520573,5.536487,0.7259,0.8509,2.770628,0.003884,13.7640
-8.753767,5.627063,0.7515,0.9194,2.771767,0.005215,13.4997
-8.987080,5.717335,0.7368,0.9543,2.773271,0.006815,13.2302
-9.220546,5.807208,0.6957,0.9559,2.775216,0.008735,12.9550
-9.454208,5.896572,0.6787,0.9556,2.777694,0.011075,12.6739
-9.688117,5.985288,0.6760,0.9506,2.780830,0.013992,12.3864
-9.922334,6.073184,0.6576,0.9207,2.784783,0.017614,12.0891
-10.156937,6.160047,0.6502,0.8987,2.789770,0.022253,11.7809
-10.392020,6.245603,0.6800,0.9117,2.796086,0.028246,11.4608
-10.627702,6.329496,0.6888,0.9048,2.804166,0.036351,11.1280
-10.864136,6.411242,0.7099,0.9072,2.814640,0.047385,10.7731
-11.101523,6.490180,0.7253,0.8954,2.828418,0.062768,10.3617
-11.340120,6.565381,0.7440,0.8809,2.846820,0.084355,9.9176
-11.580253,6.635531,0.7712,0.8678,2.872121,0.117953,9.4527
-11.822343,6.698566,0.8033,0.8492,2.907577,0.165582,8.9637
-12.066850,6.751528,0.8497,0.8164,2.961532,0.266090,8.4464
-12.314309,6.788119,0.9084,0.7552,3.032278,0.300079,7.9208
-12.563838,6.806073,0.9818,0.6766,3.108477,0.309873,7.7853
-12.813998,6.804673,1.0617,0.5860,-3.095061,0.327720,7.5539
-13.063201,6.782820,1.1473,0.4998,-3.010920,0.345990,7.3353
-13.309576,6.739543,1.2001,0.4000,-2.922110,0.365238,7.1226
-13.550973,6.674010,1.2936,0.4133,-2.831916,0.357145,7.1226
-13.785568,6.587240,1.2971,0.4519,-2.742969,0.355222,7.1297
-14.011559,6.480024,1.2530,0.5689,-2.653690,0.359801,7.0234
-14.227032,6.352955,1.1018,0.6542,-2.562703,0.368917,6.8962
-14.429914,6.206595,0.9359,0.7452,-2.468079,0.388997,6.7451
-14.617655,6.041243,0.7332,0.7995,-2.367374,0.417817,6.5848
-14.787158,5.857250,0.6120,0.9201,-2.258845,0.451918,6.3349
-14.934893,5.655337,0.5240,1.0232,-2.141102,0.492034,6.0409
-15.056814,5.436833,0.4614,1.0879,-2.010564,0.555343,5.6412
-15.147401,5.203671,0.4403,1.1343,-1.888595,0.422803,5.6412
-15.212938,4.962216,0.4311,1.1446,-1.793815,0.336449,6.5731
-15.257969,4.716139,0.4263,1.1310,-1.716469,0.282659,7.4473
-15.285521,4.467487,0.4303,1.1069,-1.650759,0.243154,8.0980
-15.297917,4.217623,0.4682,1.1038,-1.593413,0.215611,8.6986
-15.296832,3.967452,0.4761,1.0526,-1.542162,0.194339,9.2893
-15.283596,3.717632,0.4867,0.9933,-1.495751,0.176861,9.8508
-15.259328,3.468642,0.4947,0.9282,-1.453354,0.162218,10.3779
-15.224982,3.220842,0.4906,0.8531,-1.414281,0.150251,10.8731
-15.181351,2.974507,0.4889,0.7781,-1.377999,0.139888,11.3419
-15.129130,2.729850,0.5025,0.7130,-1.344180,0.130553,11.7895
-15.068949,2.487029,0.5397,0.6724,-1.312550,0.122369,12.2201
-15.001366,2.246164,0.5882,0.6496,-1.282850,0.115115,12.6364
-14.926877,2.007344,0.6566,0.6610,-1.254867,0.108635,13.0395
-14.845927,1.770636,0.7138,0.6744,-1.228410,0.102910,13.4294
-14.758911,1.536090,0.7335,0.6616,-1.203308,0.097795,13.8053
-14.666184,1.303742,0.7581,0.6732,-1.179415,0.093244,14.1664
-14.568063,1.073620,0.8013,0.7230,-1.156590,0.089258,14.5112
-14.464830,0.845746,0.8269,0.7666,-1.134701,0.085753,14.8383
-14.356732,0.620139,0.7958,0.7590,-1.113637,0.082660,15.1448
-14.243993,0.396814,0.7804,0.7697,-1.093313,0.079833,15.4253
-14.126817,0.175786,0.7793,0.7933,-1.073682,0.077128,15.6690
-14.005399,-0.042941,0.7556,0.7944,-1.054688,0.074731,15.8603
-13.879913,-0.259359,0.7330,0.7961,-1.036356,0.071835,15.9811
-13.750559,-0.473489,0.7208,0.8034,-1.018394,0.071776,16.0174
-13.617381,-0.685261,0.7049,0.8054,-1.000030,0.075052,15.9652
-13.480251,-0.894495,0.6920,0.8009,-0.980929,0.077663,15.8339
-13.339082,-1.101026,0.7051,0.8159,-0.961145,0.080516,15.6428
-13.193783,-1.304673,0.7084,0.8263,-0.940643,0.083402,15.4145
-13.044267,-1.505244,0.6894,0.8239,-0.919403,0.086422,15.1442
-12.890450,-1.702536,0.6728,0.8249,-0.897413,0.089400,14.8846
-12.732260,-1.896339,0.6535,0.8092,-0.874703,0.092175,14.6540
-12.569645,-2.086444,0.6334,0.7705,-0.851271,0.095176,14.4160
-12.402550,-2.272623,0.6348,0.7407,-0.827083,0.098223,14.1815
-12.230931,-2.454642,0.6182,0.6925,-0.802109,0.101463,13.9518
-12.054748,-2.632247,0.6111,0.6579,-0.776315,0.104779,13.7238
-11.873972,-2.805175,0.6228,0.6479,-0.749607,0.108775,13.4231
-11.688559,-2.973119,0.6018,0.6120,-0.722212,0.110271,13.0833
-11.498581,-3.135890,0.4991,0.5013,-0.693262,0.121215,12.7345
-11.303766,-3.292819,0.3892,0.3892,-0.666595,0.092007,12.7345
-11.105380,-3.445232,0.4108,0.4179,-0.649103,0.047848,14.6220
-10.905190,-3.595254,0.5019,0.5308,-0.636261,0.054829,16.0419
-10.702959,-3.742519,0.5615,0.6265,-0.622656,0.053943,16.8592
-10.498761,-3.887041,0.5520,0.6665,-0.608989,0.055318,16.9258
-10.292581,-4.028723,0.5371,0.7116,-0.595061,0.056036,16.6577
-10.084436,-4.167501,0.5311,0.7769,-0.580932,0.056927,16.3851
-9.874336,-4.303302,0.5200,0.8419,-0.566575,0.057859,16.1079
-9.662293,-4.436047,0.5032,0.8871,-0.551969,0.058911,15.8259
-9.448316,-4.565653,0.4695,0.8902,-0.537081,0.060120,15.5388
-9.232414,-4.692026,0.4170,0.8548,-0.521933,0.060990,15.2462
-9.014610,-4.815091,0.4070,0.8549,-0.506544,0.062046,14.9480
-8.794922,-4.934760,0.4211,0.8788,-0.490775,0.064030,14.6436
-8.573345,-5.050896,0.4297,0.8963,-0.474511,0.066005,14.3328
-8.349881,-5.163357,0.4382,0.9095,-0.457744,0.068049,14.0151
-8.124535,-5.271999,0.4310,0.9040,-0.440468,0.070071,13.6901
-7.897319,-5.376673,0.4079,0.8775,-0.422693,0.072042,13.3571
-7.668254,-5.477237,0.4123,0.8750,-0.404454,0.073781,13.0156
-7.437372,-5.573556,0.4294,0.8822,-0.385802,0.075349,12.6649
-7.204715,-5.665506,0.4441,0.8811,-0.366857,0.076122,12.3042
-6.970350,-5.753009,0.4334,0.8514,-0.347796,0.076270,11.9326
-6.734359,-5.836026,0.4014,0.8032,-0.329102,0.073194,11.5491
-6.496886,-5.914708,0.4106,0.7994,-0.310925,0.072139,11.1524
-6.258033,-5.989092,0.4532,0.8242,-0.290433,0.091703,10.7410
-6.017536,-6.057978,0.4883,0.8365,-0.264489,0.115736,10.3133
-5.775144,-6.119874,0.5573,0.8799,-0.230529,0.155828,9.8670
-5.530528,-6.172279,0.6005,0.9018,-0.183866,0.217410,9.3995
-5.283422,-6.211318,0.6177,0.8979,-0.130438,0.209982,9.3995
-5.034611,-6.237335,0.5797,0.8408,-0.078420,0.206117,9.5729
-4.784790,-6.250501,0.6622,0.9157,-0.027328,0.202563,9.6667
